<?xml version="1.0" encoding="UTF-8"?>
<configuration>
    <appender name="STDOUT" class="ch.qos.logback.core.ConsoleAppender">
        <encoder>
            <pattern>%d %-5level [%thread] %class{36}: %msg%n</pattern>
        </encoder>
    </appender>
    <appender name="FILE" class="ch.qos.logback.core.FileAppender">
        <file>d:\Temp\application.log</file>
        <encoder>
            <pattern>%d %-5level [%thread] %class{36}: %msg%n</pattern>
        </encoder>
    </appender>
    <logger name="org.hibernate" level="error">
        <appender-ref ref="STDOUT"/>
    </logger>
    <root level="info">
        <appender-ref ref="STDOUT"/>
        <appender-ref ref="FILE" />

    </root>
</configuration>
